2012-05-07 10-52-43,1384,《108将》双线29服 梁山小聚义  地盘网水浒页游精品
2012-05-07 10-46-41,216,《108将》双线29服 梁山小聚义  地盘网水浒页游精品
2012-05-07 13-07-07,146,《108将》双线29服 梁山小聚义  地盘网水浒页游精品
2012-05-07 12-18-47,127,《108将》双线29服 梁山小聚义  地盘网水浒页游精品
2012-05-07 12-22-02,122,《108将》双线29服 梁山小聚义  地盘网水浒页游精品
2012-05-07 11-27-55,118,《108将》双线29服 梁山小聚义  地盘网水浒页游精品
2012-05-08 14-20-45,154,《108将》双线29服 梁山小聚义  地盘网水浒页游精品
2012-05-08 13-57-27,133,《108将》双线29服 梁山小聚义  地盘网水浒页游精品
2012-05-08 14-18-04,111,《108将》双线29服 梁山小聚义  地盘网水浒页游精品
2012-05-09 12-18-16,333,《108将》双线29服 梁山小聚义  地盘网水浒页游精品
2012-05-09 11-45-56,115,《108将》双线29服 梁山小聚义  地盘网水浒页游精品
2012-05-09 12-09-49,96,《108将》双线29服 梁山小聚义  地盘网水浒页游精品
2012-05-09 12-27-56,50,《108将》双线29服 梁山小聚义  地盘网水浒页游精品
2012-05-09 12-07-50,50,《108将》双线29服 梁山小聚义  地盘网水浒页游精品
2012-05-09 12-11-33,48,《108将》双线29服 梁山小聚义  地盘网水浒页游精品
2012-05-10 11-56-43,257,《108将》双线29服 梁山小聚义  地盘网水浒页游精品
2012-05-10 11-23-31,175,《108将》双线29服 梁山小聚义  地盘网水浒页游精品
2012-05-12 12-57-04,74,少年康熙演员表
2012-06-04 14-29-07,339,《108将》双线29服 梁山小聚义  地盘网水浒页游精品
2012-06-04 14-08-10,87,《108将》双线29服 梁山小聚义  地盘网水浒页游精品
2012-06-04 14-02-19,83,《108将》双线29服 梁山小聚义  地盘网水浒页游精品
2012-06-04 14-22-48,82,《108将》双线29服 梁山小聚义  地盘网水浒页游精品
2012-06-04 14-25-23,63,《108将》双线29服 梁山小聚义  地盘网水浒页游精品
2012-06-04 13-52-07,62,《108将》双线29服 梁山小聚义  地盘网水浒页游精品
2012-06-05 12-25-06,371,《108将》双线29服 梁山小聚义  地盘网水浒页游精品
2012-06-05 11-46-19,259,《108将》双线29服 梁山小聚义  地盘网水浒页游精品
2012-06-05 11-53-05,249,《108将》双线29服 梁山小聚义  地盘网水浒页游精品
2012-06-05 12-33-52,233,《108将》双线29服 梁山小聚义  地盘网水浒页游精品
2012-06-05 15-36-48,225,《108将》双线29服 梁山小聚义  地盘网水浒页游精品
2012-06-05 15-24-46,179,《108将》双线29服 梁山小聚义  地盘网水浒页游精品
2012-06-05 15-21-47,163,《108将》双线29服 梁山小聚义  地盘网水浒页游精品
2012-06-07 12-55-50,103,《108将》双线29服 梁山小聚义  地盘网水浒页游精品
2012-06-07 12-42-15,62,《108将》双线29服 梁山小聚义  地盘网水浒页游精品
2012-06-07 13-08-57,50,《108将》双线29服 梁山小聚义  地盘网水浒页游精品
2012-06-07 13-13-10,44,《108将》双线29服 梁山小聚义  地盘网水浒页游精品
2012-06-07 12-33-17,44,《108将》双线29服 梁山小聚义  地盘网水浒页游精品
2012-06-08 12-54-56,118,《108将》双线29服 梁山小聚义  地盘网水浒页游精品
2012-06-08 13-28-38,92,《108将》双线29服 梁山小聚义  地盘网水浒页游精品
2012-06-08 13-09-25,85,《108将》双线29服 梁山小聚义  地盘网水浒页游精品
2012-06-08 12-46-46,72,《108将》双线29服 梁山小聚义  地盘网水浒页游精品
2012-06-08 12-53-40,70,《108将》双线29服 梁山小聚义  地盘网水浒页游精品
2012-06-09 19-17-57,388,《108将》双线29服 梁山小聚义  地盘网水浒页游精品
2012-06-09 18-04-31,333,《108将》双线29服 梁山小聚义  地盘网水浒页游精品
2012-06-09 17-48-04,290,《108将》双线29服 梁山小聚义  地盘网水浒页游精品
2012-06-09 19-07-11,287,《108将》双线29服 梁山小聚义  地盘网水浒页游精品
2012-06-09 19-27-48,170,《108将》双线29服 梁山小聚义  地盘网水浒页游精品
2012-06-10 22-45-23,131,《108将》双线29服 梁山小聚义  地盘网水浒页游精品
2012-06-10 21-44-45,90,献歌爱丽丝（线谱 和弦）_电子琴谱_搜谱网
2012-07-02 12-35-15,102,《108将》双线29服 梁山小聚义  地盘网水浒页游精品
2012-07-02 12-44-27,88,《108将》双线29服 梁山小聚义  地盘网水浒页游精品
2012-07-02 12-03-19,46,卜兆宽名字怎么样_卜兆宽名字解释_卜兆宽名字测试 - 皮皮起名网
2012-07-04 11-39-56,78,《108将》双线29服 梁山小聚义  地盘网水浒页游精品
2012-07-04 11-42-03,70,《108将》双线29服 梁山小聚义  地盘网水浒页游精品
2012-07-04 13-02-22,64,《108将》双线29服 梁山小聚义  地盘网水浒页游精品
2012-07-04 13-01-26,44,《108将》双线29服 梁山小聚义  地盘网水浒页游精品
2012-07-05 11-05-07,148,《108将》双线29服 梁山小聚义  地盘网水浒页游精品
2012-07-05 12-09-00,82,《108将》双线29服 梁山小聚义  地盘网水浒页游精品
2012-07-06 10-20-48,96,《108将》双线29服 梁山小聚义  地盘网水浒页游精品
2012-07-07 11-00-33,83,微波炉品种齐全
2012-08-09 18-26-28,271,应用中心
2012-08-09 18-31-29,84,应用中心
2012-08-12 12-34-39,189,阿里云-打造数据第一平台
2012-08-12 12-31-45,168,阿里云-打造数据第一平台
2012-08-12 11-14-17,105,阿里云-打造数据第一平台
2012-08-12 12-38-47,96,阿里云-打造数据第一平台
2012-08-12 12-18-49,85,阿里云-打造数据第一平台
