2012-05-07 11-42-43,82,Jota_FTP 完美服务 交达缔造
2012-05-07 19-46-09,75,用户中心-找回密码
2012-05-07 20-25-45,33,用户中心-找回密码
2012-05-07 20-22-25,27,用户中心-找回密码
2012-05-09 10-33-04,59,终身领工资_王牌技术员联盟
2012-05-10 21-43-49,93,金士顿DT108 8G 专业评测(MLC闪存类型
2012-05-10 19-23-36,84,终身领工资_王牌技术员联盟
2012-05-10 21-42-03,66,金士顿DT108 8G 专业评测(MLC闪存类型
2012-05-10 19-20-32,65,终身领工资_王牌技术员联盟
2012-05-11 10-21-02,80,终身领工资_王牌技术员联盟
2012-05-11 21-44-31,62,夜火情趣小内裤 淡蓝透纱开裆性感内裤_性感内裤_情趣内衣_潘多拉情趣商城
2012-05-12 16-49-57,2252,酷狗音乐
2012-05-12 20-47-17,141,终身领工资_王牌技术员联盟
2012-05-12 20-50-31,72,终身领工资_王牌技术员联盟
2012-05-12 20-30-35,57,终身领工资_王牌技术员联盟
2012-05-12 20-21-42,56,终身领工资_王牌技术员联盟
2012-06-04 15-35-23,144,椹炬′归_瀹ㄦ甯歌璇棰搴_瀹ㄦ椹鹃┒甯歌妯℃璇
2012-06-04 16-03-02,126,椹炬′归_瀹ㄦ甯歌璇棰搴_瀹ㄦ椹鹃┒甯歌妯℃璇
2012-06-07 19-32-35,28,终身领工资_王牌技术员联盟
2012-07-02 14-13-40,44,终身领工资_王牌技术员联盟
2012-07-02 14-16-32,16,终身领工资_王牌技术员联盟
2012-07-03 12-56-47,52,1987年1月17日 方励之、王若望、刘宾雁先后被开除党籍
2012-07-04 09-14-02,74,终身领工资_王牌技术员联盟
2012-07-05 20-22-46,46,GeForce GTX 550 Ti | 规格 | GeForce
2012-07-05 20-20-22,37,GeForce GTS 450 | 规格 | GeForce
2012-07-05 20-21-18,29,GeForce GTS 450 | 规格 | GeForce
2012-07-05 20-19-49,23,GeForce - NVIDIA GeForce 家族列表 - NVIDIA | NVIDIA
2012-07-06 09-37-39,38,登录
2012-07-07 16-24-04,142,打榜动态--音悦Tai
2012-07-07 16-26-34,84,【MV】EXO-K
2012-07-07 14-48-06,70,SLC、MLC和TLC三者的区别 - 封装设计 - 半导体技术天地  芯片
2012-07-07 17-02-52,46,李小璐贾乃亮大婚 甜蜜妆扮羡煞旁人_妆扮_onlylady女人志
2012-07-08 12-23-25,14,终身领工资_王牌技术员联盟
2012-07-08 12-39-23,14,终身领工资_王牌技术员联盟
2012-07-08 12-39-53,12,终身领工资_王牌技术员联盟
2012-07-08 12-39-43,8,终身领工资_王牌技术员联盟
2012-07-08 12-39-05,8,终身领工资_王牌技术员联盟
2012-08-07 12-32-34,108,&#20445;&#20462;&#39564;&#35777;
2012-08-08 11-03-43,43,Jota_FTP 完美服务 交达缔造
2012-08-09 11-35-19,1326,Jota_FTP 完美服务 交达缔造
2012-08-09 12-00-59,686,Jota_FTP 完美服务 交达缔造
2012-08-09 11-27-33,160,孙行者_Tencent Weibo
2012-08-09 15-30-19,62,终身领工资_王牌技术员联盟
