2012-05-08 20-48-40,214,á??aê??ˉμ21òμμ???é ?á?é?Y?|2?・3????í???_?§3μ???é_ì????ó??3μí?
2012-05-11 21-52-42,120,国美在线-国美电器官方网上商城
2012-06-06 08-29-22,176,应用中心
2012-06-07 17-07-52,292,应用中心
2012-06-07 17-32-57,117,关于搞好信访工作的调研报告 - 范文网
2012-06-07 21-48-02,141,衬衫 女装 男装
2012-06-08 13-49-54,352,应用中心
2012-06-09 12-13-25,3934,广告
2012-06-09 09-10-53,531,应用中心
2012-06-10 09-43-01,229,应用中心
2012-07-03 22-03-16,63,配件夏日总动员
2012-08-09 20-29-30,232,【图】虎子1W公里了
2012-08-11 10-41-15,127,?ˉá|±í??éD?é ê?êêD?ó??-??D?2?′í??í???_D?3μê??Y_ì????ó??3μí?
2012-08-11 10-34-37,98,楂浼?000?璧3000绀煎?- 姹借溅涔
