2012-05-07 08-37-02,2,- LP Default Router
2012-05-10 08-27-46,13,MyBrowserCash Login
2012-05-10 08-28-04,12,MyBrowserCash Login
2012-05-10 08-28-16,8,MyBrowserCash Login
2012-05-10 08-35-33,6,佳艺恒泰
2012-05-11 08-17-33,2,- LP Default Router
2012-05-11 08-17-31,2,四柱液压机
2012-05-12 12-13-46,14,?????????-??1????????????
2012-05-12 12-14-02,14,?????????-??1????????????
2012-05-13 09-54-28,12,?????????-??1????????????
2012-05-13 09-54-40,4,?????????-??1????????????
2012-05-13 09-54-44,2,?????????-??1????????????
2012-06-04 08-34-43,5,UED - User Experience and Creative Design
2012-06-05 09-28-24,2,Make cash
2012-06-05 10-08-54,2,东莞油压机|深圳液压机|四柱油压机|东莞液压机
2012-06-06 10-20-10,30,Traffic Magician
2012-06-06 10-42-05,13,Traffic Magician
2012-06-06 10-21-36,9,Traffic Magician
2012-06-06 10-38-06,6,Traffic Magician
2012-06-06 11-37-28,4,Traffic Magician
2012-06-07 11-38-19,9,Traffic Magician
2012-06-07 11-39-31,3,Traffic Magician
2012-06-07 13-00-30,2,Traffic Magician
2012-06-07 12-55-30,2,Traffic Magician
2012-06-09 08-44-39,5,英姿丽人官网 内衣代理加盟 内衣品牌 十大内衣品牌加盟排行榜 内衣连锁加盟
2012-06-09 08-39-15,28,Traffic Magician
2012-06-09 08-39-47,22,MyBrowserCash Login
2012-06-09 08-44-37,21,MyBrowserCash Software Updated!
2012-06-09 08-40-46,14,MyBrowserCash Login
2012-06-09 08-40-09,9,MyBrowserCash Login
2012-06-09 08-41-25,7,MyBrowserCash Login
2012-06-09 12-00-53,8,充值中心 - 淘米网
2012-06-10 03-53-59,20,MyBrowserCash Login
2012-06-10 03-54-19,14,MyBrowserCash Login
2012-06-10 03-54-33,4,MyBrowserCash Login
2012-06-10 02-21-39,2,脑积水 郑州国医堂医院 脑积水治疗 治疗脑积水 脑积水医院
2012-07-03 11-00-53,38,搜索洛克王国-4399洛克王国
2012-07-04 10-32-18,4,乐天牌补肺丸_广州市正鼎医药有限公司
2012-07-04 11-34-56,4,山东济南哮喘病医院_医院简介
2012-07-04 11-00-03,2,五谷杂粮
2012-07-04 11-20-48,2,山东济南哮喘病医院_医院简介
2012-07-04 11-35-00,2,大发真钱_(官方)唯一备用指定入口
2012-07-05 11-14-38,29,湛江语言文字网
2012-07-06 08-11-20,28,洛克王国清水之妖捕捉记_4399洛克王国
2012-07-08 10-40-23,40,奥拉星
2012-07-08 10-48-07,34,?????????-??1????????????
2012-07-08 10-39-32,23,奥拉星
2012-07-08 10-41-20,18,奥拉星
2012-08-06 10-04-36,6,Make cash
2012-08-06 10-04-42,4,Make cash
2012-08-06 09-25-17,2,BEIJING257792
2012-08-06 09-35-04,2,美国NIH前列腺分型诊疗中心_湛江男科医院_前列腺的症状_湛江治疗前列腺_湛江现代男科医院
2012-08-06 09-35-10,2,美国NIH前列腺分型诊疗中心_湛江男科医院_前列腺的症状_湛江治疗前列腺_湛江现代男科医院
2012-08-07 10-45-28,3,合肥马泰压缩机有限责任公司
2012-08-08 11-08-45,2,站点地图
2012-08-08 11-09-11,2,站点地图
2012-08-12 00-57-54,4,深圳男性不育治疗_深圳男性不育医院_深圳博爱医院医生在线咨询
