2012-05-07 21-11-07,226,浏览器配置检查
2012-05-07 21-21-59,104,浏览器配置检查
2012-05-07 21-24-59,92,浏览器配置检查
2012-05-07 21-16-29,90,浏览器配置检查
2012-05-07 21-28-17,38,浏览器配置检查
2012-05-07 21-29-09,34,浏览器配置检查
2012-05-07 21-37-29,30,浏览器配置检查
2012-05-12 13-45-31,26,您的浏览器已升级 - Microsoft Windows
2012-06-07 11-15-45,137,这个笑话告诉你，伟哥是永远保值品_快乐麻花
2012-06-07 11-12-15,92,在童年的你还纯洁的时候，有这些误解么[1P]_快乐麻花
2012-06-07 11-10-17,44,梦想，不应该只是说说而已[1P]_快乐麻花
2012-06-07 11-19-52,44,总统先生，波比在哪里_快乐麻花
2012-06-07 11-06-25,28,注定孤独一生啊[1P]_快乐麻花
2012-07-06 12-19-31,24,您的浏览器已升级 - Microsoft Windows
