2012-05-07 13-26-26,116,400异常页面_皙肤泉官网
2012-05-11 10-04-41,256,Survey
2012-05-11 10-12-07,250,Survey
2012-05-11 10-16-33,200,Survey
2012-05-11 10-09-01,142,Survey
2012-05-12 12-35-19,509,?1°í?3XV??í???_o￡??μ?1o_ì????ó??3μí?
2012-05-12 12-43-48,142,?a??????????í???_o￡??μ?1o_ì????ó??3μí?
2012-06-04 12-08-23,3978,The page could not be displayed
2012-06-04 13-16-13,508,The page could not be displayed
2012-06-04 11-18-11,414,The page could not be displayed
2012-06-04 14-09-46,410,湖南浏阳碎尸案：男子杀妻撒盐腌制两年 - 热点推荐 - 湖南在线 - 华声在线
2012-06-04 11-04-02,322,The page could not be displayed
2012-06-04 10-55-40,234,The page could not be displayed
2012-06-07 10-04-59,60,会员入口 91问问调查网
2012-07-02 16-05-13,80,珠海红十字会
2012-07-04 07-09-19,94,欢迎来到易购网
2012-07-04 07-16-47,56,阿里云-打造数据第一平台
2012-07-04 07-10-53,54,易购网 － 找回密码
2012-07-05 22-18-04,52,Jisha ::
2012-07-08 11-08-26,190,个人年金信息查询方式 养老金管理中心
2012-08-07 08-42-48,20,登录
2012-08-09 12-37-14,32,医通用户登录
