2012-05-07 03-50-23,50,欢迎进入大连诚信有限公司
2012-05-07 11-27-49,8,欢迎进入大连诚信有限公司
2012-05-07 11-08-32,5,欢迎进入大连诚信有限公司
2012-05-09 03-53-42,2,欢迎进入大连诚信有限公司
2012-05-11 04-04-50,8,欢迎进入大连诚信有限公司
2012-06-05 08-19-12,4,欢迎进入大连诚信有限公司
2012-06-07 17-50-19,7,欢迎进入大连诚信有限公司
2012-06-09 08-22-46,5,欢迎进入大连诚信有限公司
2012-06-09 08-43-05,2,欢迎进入大连诚信有限公司
2012-07-02 09-33-21,6,欢迎进入大连诚信有限公司
2012-07-02 10-28-25,4,欢迎进入大连诚信有限公司
2012-07-03 09-15-01,4,欢迎进入大连诚信有限公司
2012-07-03 08-17-36,4,欢迎进入大连诚信有限公司
2012-07-03 16-55-04,4,欢迎进入大连诚信有限公司
2012-07-07 09-10-20,4,欢迎进入大连诚信有限公司
