2012-05-07 09-29-49,255,Adobe Creative Suite 6
2012-05-08 16-41-16,130,Maintenance
2012-05-10 08-54-10,253,The page could not be displayed
2012-05-10 08-49-36,87,The page could not be displayed
2012-05-11 12-10-57,14,大数据来袭！5月17日IBM携"智慧的分析洞察"助您制胜。
2012-05-11 12-13-27,8,大数据来袭！5月17日IBM携"智慧的分析洞察"助您制胜
2012-06-05 08-55-34,446,系统提示
2012-06-05 09-12-10,171,系统提示
2012-06-05 09-17-47,147,系统提示
2012-06-05 09-06-59,128,系统提示
2012-06-05 15-01-12,99,The page could not be displayed
2012-06-05 14-59-44,84,The page could not be displayed
2012-06-05 14-56-09,76,The page could not be displayed
2012-06-05 15-03-11,76,The page could not be displayed
2012-06-06 09-29-57,125,系统提示
2012-06-07 07-15-59,49,中小企业互联网应用状况调查兑奖
2012-06-08 08-39-08,133,系统提示
2012-06-08 07-08-53,61,应用中心
2012-07-04 13-43-38,157,系统提示
2012-08-07 10-05-12,284,系统提示
2012-08-11 10-08-31,576,Session error
