2012-05-07 20-06-28,8,注册成功提示页
2012-07-02 09-36-40,82,【海尔KF-23GW/03GCC12空调】海尔（Haier）KF-23GW/03GCC12空调（套机）【图片 价格 品牌 报价】-国美在线merchant
2012-07-02 09-40-18,30,【图】全新LG空调厂家直销 1800元-苏州二手空调-赶集网
2012-07-02 09-38-02,20,【海尔KF-23GW/03GFC13空调】海尔（Haier）KF-23GW/03GFC13空调（套机）【图片 价格 品牌 报价】-国美在线merchant
2012-07-08 15-13-19,326,愤怒的小鸟炮弹球
2012-07-08 13-55-11,298,斗地主
2012-07-08 14-00-11,138,斗地主
2012-07-08 15-19-35,134,森林冰火人中文版
2012-07-08 13-52-03,98,斗地主
2012-07-08 13-54-31,36,斗地主
2012-07-08 15-18-55,36,森林冰火人中文版
2012-07-08 13-53-57,32,斗地主
2012-08-07 12-32-59,12,留言板留言-莪の世界、唯有枚涝
2012-08-07 12-33-43,10,qq留言板留言-带上小红帽
2012-08-07 12-33-23,2,留言板留言-莪の世界、唯有枚涝
2012-08-10 13-34-10,66,主机开设成功
