2012-06-04 14-15-24,100,DJ小舞-精心打造经典舞曲club串烧
2012-06-08 07-32-46,64,新浪湖北_新浪网
2012-06-09 07-54-37,293,迪吧疯狂劲舞13分_DJ斌仔Mix(DJmp3)(mp3)DJ
2012-06-09 08-45-55,224,〖我爱大草原〗非一般的感觉动态嗨曲-DJ阿涛
2012-06-09 08-21-19,136,重低音极品舒服慢摇系送给兄弟潴荭浩仔HY22-撼音Dj细弟(DJmp3)(mp3)DJ
2012-07-03 07-39-30,102,天梯解惑一期
2012-07-05 15-53-31,68,[图赏] 国外玩家给力之作:超酷乐高英雄模型_英雄图赏_DOTA图片站_DOTA专题站_游久(U9)网
2012-07-05 15-45-25,32,11平台账号登录
2012-07-05 15-43-27,20,5211对战平台用户中心_平台账号登录
2012-07-05 15-45-05,20,11平台账号登录
2012-07-08 21-53-53,28,全部 华语男歌手 歌手列表 - 一听音乐网
2012-07-08 21-54-21,26,冷漠的歌
2012-07-08 21-38-57,24,刘欢的歌
2012-07-08 21-25-49,18,刘欢的歌
2012-07-08 21-52-35,16,全部 华语男歌手 歌手列表 - 一听音乐网
2012-07-08 21-52-19,16,刘欢的歌
2012-08-12 08-12-55,292,2015无锡旅游攻略
2012-08-12 07-28-43,286,灵山大佛门票_灵山胜境门票多少钱_无锡无锡灵山_无锡灵山大佛_同程旅游门票预订
2012-08-12 08-24-27,182,巢湖太湖山国家森林公园景点排名
2012-08-12 07-33-49,164,无锡三国城、水浒城门票_三国城、水浒城门票多少钱_无锡无锡影视城景区_无锡三国影视城_同程旅游门票预订
2012-08-12 08-21-35,140,【携程攻略】无锡攻略
2012-08-12 08-10-35,130,2015无锡旅游攻略
2012-08-12 08-27-43,126,2015香港旅游攻略
