2012-06-05 12-50-16,220,打造全6号武当过程有感  谈几点心得 _多玩天龙八部3
2012-06-05 13-03-48,163,打造全6号武当过程有感  谈几点心得 _多玩天龙八部3
2012-06-06 10-05-19,422,应用中心
2012-06-07 09-29-41,202,应用中心
2012-06-09 04-05-03,502,穿越之第一魔女上卷：扬 名 第六十五章&nbsp;&nbsp;名扬无忧免费阅读
2012-06-09 01-00-43,444,穿越之第一魔女上卷：扬 名 第一章&nbsp;&nbsp;重伤穿越免费阅读
2012-06-10 00-35-43,162,应用中心
2012-07-03 01-25-29,250,应用中心
2012-07-07 08-06-05,370,òìêàò?í??Tμˉ′°-òìêàò?í?×?D????ú-μú???í áéóù3?￡? μúò???°??? ?é??￡?-Dt???§・¨-?¤?¤D??μí?-?Tμˉ′°D??μí?-ìì?é±?
2012-08-08 02-11-23,106,惹上豪门：总统大人请放手 Chapter：2免费阅读
2012-08-10 02-52-35,74,D?à?ó??・ê??ú±¨ììáú°?2?
2012-08-10 02-53-53,62,D?à?ó??・ê??ú±¨ììáú°?2?
