2012-05-10 08-01-22,60,婢抽ㄨ_缃缁璧_婢抽ㄨ缃绔_婢抽ㄧ涓璧 椤甸㈣块绾
2012-05-10 07-45-15,38,婢抽ㄨ_缃缁璧_婢抽ㄨ缃绔_婢抽ㄧ涓璧 椤甸㈣块绾
2012-05-10 07-46-05,34,婢抽ㄨ_缃缁璧_婢抽ㄨ缃绔_婢抽ㄧ涓璧 椤甸㈣块绾
2012-05-10 07-57-35,32,婢抽ㄨ_缃缁璧_婢抽ㄨ缃绔_婢抽ㄧ涓璧 椤甸㈣块绾
2012-05-10 08-03-57,28,婢抽ㄨ_缃缁璧_婢抽ㄨ缃绔_婢抽ㄧ涓璧 椤甸㈣块绾
2012-05-10 08-00-56,26,婢抽ㄨ_缃缁璧_婢抽ㄨ缃绔_婢抽ㄧ涓璧 椤甸㈣块绾
2012-05-11 18-50-49,15,关注公益，关注人民网
2012-05-11 07-18-06,10,理想通
2012-05-13 06-54-57,23,养生_健康保健-医通无忧网
2012-05-13 06-52-54,14,吃什么能让孩子的眼睛更明亮_健康保健-医通无忧网
2012-06-10 09-02-43,7,error抱歉，你请求的页面没找到！
2012-07-02 11-16-54,4,error抱歉，你请求的页面没找到！
2012-07-02 11-17-11,2,error抱歉，你请求的页面没找到！
2012-07-08 09-04-04,66,Mediamark Research
2012-07-08 09-04-00,2,调查-集思吧
