2012-05-09 15-12-48,354,夹腿综合症  医通无忧网夹腿综合症专题
2012-05-09 17-57-38,84,医通用户登录
2012-05-10 12-10-21,10421,WordLinx - Get paid to view adverts!
2012-05-10 15-28-04,5033,邵阳市中级人民法院
2012-05-11 09-04-34,44,iPoll | Paid Online Surveys | Take Online and Mobile Surveys to Earn Money
2012-05-11 09-21-49,20,健康咨询_疾病咨询_在线医生-拥有医通，健康无忧！-医通无忧网
2012-05-11 09-02-02,12,iPoll | Paid Online Surveys | Take Online and Mobile Surveys to Earn Money
2012-06-04 09-07-42,92,邵阳市中级人民法院
2012-06-04 10-29-00,46,怀化法院网
2012-06-05 10-30-33,80,人民法院报
2012-06-07 08-56-18,128,邵阳市中级人民法院
2012-06-10 11-07-37,32,WordLinx - Get paid to view adverts!
2012-06-10 11-12-05,10,天会调查-最活跃的市场调查，问卷调查，网络调查，有奖调查平台
2012-06-10 11-08-47,10,WordLinx - Get paid to view adverts!
2012-07-06 11-48-56,296,登录_万言网
2012-07-06 10-08-47,46,??????
2012-08-06 10-19-06,78,2012年泾阳县人民法院工作报告_政务动态_泾阳县人民政府
2012-08-06 10-23-09,70,2012年泾阳县人民法院工作报告_政务动态_泾阳县人民政府
2012-08-06 09-59-36,68,福贡县人民法院工作报告(2012)_福贡县人民法院网
2012-08-07 11-43-37,102,登录
2012-08-07 11-42-13,80,登录
2012-08-07 09-24-43,52,最高人民法院 人民法院报
2012-08-07 11-41-25,44,登录
2012-08-08 11-03-36,156,人民法院报
2012-08-08 16-37-47,132,人民法院报
2012-08-08 11-02-08,62,邵阳市中级人民法院
2012-08-09 08-46-50,11,邵阳市中级人民法院
