2012-05-09 13-33-11,714,Coremail System - <b>Coremail Webmail 暂时不完全支持您所使用的浏览器</b>
2012-05-09 12-47-18,245,Coremail System - <b>Coremail Webmail 暂时不完全支持您所使用的浏览器</b>
2012-05-09 13-45-35,120,Coremail System - <b>Coremail Webmail 暂时不完全支持您所使用的浏览器</b>
2012-05-10 11-11-50,1000,Coremail System - <b>Coremail Webmail 暂时不完全支持您所使用的浏览器</b>
2012-05-10 12-30-39,940,男子冒充国安部侦察员骗财骗色 女子怀孕后才发现_新浪厦门_新浪网
2012-05-11 09-29-12,330,Coremail System - <b>Coremail Webmail 暂时不完全支持您所使用的浏览器</b>
2012-05-12 08-57-33,1356,Coremail System - <b>Coremail Webmail 暂时不完全支持您所使用的浏览器</b>
2012-05-12 09-22-07,344,Coremail System - <b>Coremail Webmail 暂时不完全支持您所使用的浏览器</b>
2012-05-12 08-53-01,232,Coremail System - <b>Coremail Webmail 暂时不完全支持您所使用的浏览器</b>
2012-05-12 09-28-13,90,Coremail System - <b>Coremail Webmail 暂时不完全支持您所使用的浏览器</b>
2012-05-12 09-31-39,80,Coremail System - <b>Coremail Webmail 暂时不完全支持您所使用的浏览器</b>
2012-05-13 10-52-21,198,海沧电子地图_厦门海沧地图
2012-05-13 10-37-28,144,海沧电子地图_厦门海沧地图
2012-05-13 10-55-47,118,海沧电子地图_厦门海沧地图
2012-05-13 10-18-17,101,海沧电子地图_厦门海沧地图
2012-06-07 18-11-01,220,Coremail System - <b>Coremail Webmail 暂时不完全支持您所使用的浏览器</b>
2012-07-05 15-01-52,1314,Coremail System - <b>Coremail Webmail 暂时不完全支持您所使用的浏览器</b>
2012-08-07 14-34-03,122,7旬漏网嫌犯旁听庭审举手发言 自露马脚落网_新浪闽南资讯_新浪闽南__新浪网
2012-08-07 14-11-57,72,妙龄女夜里求诊 被男医生要求撩上衣脱裤查痔疮_新浪福建城事_新浪福建
2012-08-11 18-02-33,126,Coremail System - <b>Coremail Webmail 暂时不完全支持您所使用的浏览器</b>
2012-08-12 17-29-21,84,女子凌晨路遇喷辣椒水抢劫 向数名的哥求救遭拒_新浪闽南资讯_新浪闽南__新浪网
2012-08-12 18-06-44,30,酒店门前空地喷水驱赶跳舞老人 称无需道歉_新浪闽南资讯_新浪闽南__新浪网
2012-08-12 17-25-57,28,厦门多家KTV频遭集体诉讼 业主叹苦不堪言 _新浪闽南资讯_新浪闽南__新浪网
